<?xml version="1.0" encoding="UTF-8" standalone="yes" ?>

<!-- Loading Screen -->
<UI name="Loading">

	<!-- Background -->
	<Component type="Image">
		<file name="loading.jpg" /> 
		<position x="0" y="0" align="none" />
		<visible value="true" />
	</Component>

	<Component type="Image">
		<file name="progress.png" /> 
		<position x="79" y="594" align="none" />
		<visible value="true" />
	</Component>

	<Component type="Text">
		<name value="Info" />
		<caption value="Loading..." /> 
		<font size="24" />
		<color r="255" g="255" b="255" />
		<position x="150" y="653" align="none" />
		<visible value="true" />
	</Component>

</UI>

