<?xml version="1.0" encoding="UTF-8" standalone="yes"?>
<Skeleton APIVersion="0.5.0.0" source="0.5.0.0.skel">
	<Directory name="Data">
		<File name="deck.xml"  id="Deck"/>
	</Directory>
	<Directory name="Images">
		<File name="atlas.def"  id="Atlas"/>
	</Directory>
	<Directory name="Scripts" />
	<Directory name="Template" />
		<Directory name="Images">
			<File name="blue.png" id="BlueCard" />
			<File name="red.png" id="RedCard" />
			<File name="green.png" id="GreenCard" />
			<File name="backside.png" id="CardBack" />
			<File name="darkened.png" id="Darkened" />
			<File name="highlight.png" id="Highlight" />
		</Directory>
		<File name="card.uistyle" id="CardSkin" />
	</Directory>
	<File name="meta.xml" id="MetaData" />
</Skeleton>